{
  "id": "/subscriptions/12de92f5-fec0-4359-a933-a39f794a9322/resourceGroups/Labyrinthe_group/providers/Microsoft.Resources/deployments/Microsoft.Web-StaticApp-Portal-95399d15-963a",
  "name": "Microsoft.Web-StaticApp-Portal-95399d15-963a",
  "type": "Microsoft.Resources/deployments",
  "tags": {
    "primaryResourceId": "/subscriptions/12de92f5-fec0-4359-a933-a39f794a9322/resourcegroups/Labyrinthe_group/providers/Microsoft.Web/staticSites/Labyrinthe",
    "marketplaceItemId": "Microsoft.StaticApp"
  },
  "properties": {
    "templateHash": "12334969055123673572",
    "parameters": {
      "name": {
        "type": "String",
        "value": "Labyrinthe"
      },
      "location": {
        "type": "String",
        "value": "centralus"
      },
      "sku": {
        "type": "String",
        "value": "Free"
      },
      "skucode": {
        "type": "String",
        "value": "Free"
      },
      "repositoryUrl": {
        "type": "String",
        "value": "https://github.com/FlintEric/Labyrinthe"
      },
      "branch": {
        "type": "String",
        "value": "master"
      },
      "repositoryToken": {
        "type": "SecureString"
      },
      "appLocation": {
        "type": "String",
        "value": "/"
      },
      "apiLocation": {
        "type": "String",
        "value": ""
      },
      "appArtifactLocation": {
        "type": "String",
        "value": "dist/Labyrinthe"
      }
    },
    "mode": "Incremental",
    "debugSetting": {
      "detailLevel": "None"
    },
    "provisioningState": "Succeeded",
    "timestamp": "2022-04-12T19:57:11.3926292Z",
    "duration": "PT4.705828S",
    "correlationId": "14025817-2d4e-4672-b8ae-cddaa3348530",
    "providers": [
      {
        "namespace": "Microsoft.Web",
        "resourceTypes": [
          {
            "resourceType": "staticSites",
            "locations": [
              "centralus"
            ]
          }
        ]
      }
    ],
    "dependencies": [],
    "outputResources": [
      {
        "id": "/subscriptions/12de92f5-fec0-4359-a933-a39f794a9322/resourceGroups/Labyrinthe_group/providers/Microsoft.Web/staticSites/Labyrinthe"
      }
    ],
    "validationLevel": "Template"
  }
}