[
  {
    "id": "/subscriptions/12de92f5-fec0-4359-a933-a39f794a9322/resourceGroups/Labyrinthe_group/providers/Microsoft.Resources/deployments/Microsoft.Web-StaticApp-Portal-95399d15-963a/operations/BC1C481296C6A4AF",
    "operationId": "BC1C481296C6A4AF",
    "properties": {
      "provisioningOperation": "Create",
      "provisioningState": "Succeeded",
      "timestamp": "2022-04-12T19:57:11.1426344Z",
      "duration": "PT3.574546S",
      "trackingId": "c13a45ff-de1d-4de6-9d16-09ae58256796",
      "statusCode": "OK",
      "targetResource": {
        "id": "/subscriptions/12de92f5-fec0-4359-a933-a39f794a9322/resourceGroups/Labyrinthe_group/providers/Microsoft.Web/staticSites/Labyrinthe",
        "resourceType": "Microsoft.Web/staticSites",
        "resourceName": "Labyrinthe"
      }
    }
  },
  {
    "id": "/subscriptions/12de92f5-fec0-4359-a933-a39f794a9322/resourceGroups/Labyrinthe_group/providers/Microsoft.Resources/deployments/Microsoft.Web-StaticApp-Portal-95399d15-963a/operations/08585518134588239013",
    "operationId": "08585518134588239013",
    "properties": {
      "provisioningOperation": "EvaluateDeploymentOutput",
      "provisioningState": "Succeeded",
      "timestamp": "2022-04-12T19:57:11.3337458Z",
      "duration": "PT3.7656574S",
      "trackingId": "c6498012-e506-43c2-bcd4-7f0fea402b35",
      "statusCode": "OK"
    }
  }
]